Date,Impressions (organic),Impressions (sponsored),Impressions (total),Unique impressions (organic),Clicks (organic),Clicks (sponsored),Clicks (total),Reactions (organic),Reactions (sponsored),Reactions (total),Comments (organic),Comments (sponsored),Comments (total),Reposts (organic),Reposts (sponsored),Reposts (total),Engagement rate (organic),Engagement rate (sponsored),Engagement rate (total)
2025-01-01,10,0,10,9,0,0,0,0,0,0,0,0,0,0,0,0,0.0,0,0.0
2025-01-02,39,0,39,20,1,0,1,2,0,2,0,0,0,0,0,0,0.07692307692307693,0,0.07692307692307693
2025-01-03,270,0,270,162,27,0,27,27,0,27,0,0,0,0,0,0,0.2,0,0.2
2025-01-04,71,0,71,45,2,0,2,4,0,4,0,0,0,0,0,0,0.08450704225352113,0,0.08450704225352113
2025-01-05,46,0,46,26,2,0,2,3,0,3,0,0,0,0,0,0,0.10869565217391304,0,0.10869565217391304
2025-01-06,95,0,95,49,10,0,10,4,0,4,0,0,0,0,0,0,0.14736842105263157,0,0.14736842105263157
2025-01-07,27,0,27,16,3,0,3,0,0,0,0,0,0,0,0,0,0.1111111111111111,0,0.1111111111111111
2025-01-08,19,0,19,11,1,0,1,0,0,0,0,0,0,0,0,0,0.05263157894736842,0,0.05263157894736842
2025-01-09,12,0,12,8,0,0,0,0,0,0,0,0,0,0,0,0,0.0,0,0.0
2025-01-10,25,0,25,15,0,0,0,1,0,1,0,0,0,0,0,0,0.04,0,0.04
2025-01-11,4,0,4,4,0,0,0,0,0,0,0,0,0,0,0,0,0.0,0,0.0
2025-01-12,8,0,8,6,0,0,0,0,0,0,0,0,0,0,0,0,0.0,0,0.0
2025-01-13,13,0,13,8,0,0,0,1,0,1,0,0,0,0,0,0,0.07692307692307693,0,0.07692307692307693
2025-01-14,29,0,29,12,3,0,3,1,0,1,0,0,0,0,0,0,0.13793103448275862,0,0.13793103448275862
2025-01-15,419,0,419,252,8,0,8,23,0,23,0,0,0,1,0,1,0.07637231503579953,0,0.07637231503579953
2025-01-16,178,0,178,112,3,0,3,6,0,6,0,0,0,0,0,0,0.05056179775280899,0,0.05056179775280899
2025-01-17,80,0,80,42,4,0,4,2,0,2,0,0,0,0,0,0,0.075,0,0.075
2025-01-18,31,0,31,25,0,0,0,1,0,1,0,0,0,0,0,0,0.03225806451612903,0,0.03225806451612903
2025-01-19,43,0,43,25,3,0,3,2,0,2,0,0,0,0,0,0,0.11627906976744186,0,0.11627906976744186
2025-01-20,19,0,19,15,3,0,3,0,0,0,0,0,0,0,0,0,0.15789473684210525,0,0.15789473684210525
2025-01-21,28,0,28,20,1,0,1,2,0,2,0,0,0,0,0,0,0.10714285714285714,0,0.10714285714285714
2025-01-22,53,0,53,19,0,0,0,0,0,0,0,0,0,0,0,0,0.0,0,0.0
2025-01-23,35,0,35,15,1,0,1,2,0,2,0,0,0,0,0,0,0.08571428571428572,0,0.08571428571428572
2025-01-24,17,0,17,13,0,0,0,2,0,2,0,0,0,0,0,0,0.11764705882352941,0,0.11764705882352941
2025-01-25,8,0,8,7,0,0,0,0,0,0,0,0,0,0,0,0,0.0,0,0.0
2025-01-26,20,0,20,11,1,0,1,0,0,0,0,0,0,0,0,0,0.05,0,0.05
2025-01-27,18,0,18,9,1,0,1,0,0,0,0,0,0,0,0,0,0.05555555555555555,0,0.05555555555555555
2025-01-28,15,0,15,11,0,0,0,0,0,0,0,0,0,0,0,0,0.0,0,0.0
2025-01-29,12,0,12,7,0,0,0,0,0,0,0,0,0,0,0,0,0.0,0,0.0
2025-01-30,13,0,13,3,0,0,0,0,0,0,0,0,0,0,0,0,0.0,0,0.0
2025-01-31,217,0,217,112,51,0,51,17,0,17,2,0,2,1,0,1,0.3271889400921659,0,0.3271889400921659
2025-02-01,767,0,767,270,47,0,47,17,0,17,2,0,2,0,0,0,0.08604954367666232,0,0.08604954367666232
2025-02-02,153,0,153,96,10,0,10,6,0,6,0,0,0,0,0,0,0.10457516339869281,0,0.10457516339869281
2025-02-03,158,0,158,90,13,0,13,5,0,5,0,0,0,0,0,0,0.11392405063291139,0,0.11392405063291139
2025-02-04,97,0,97,58,10,0,10,3,0,3,1,0,1,2,0,2,0.16494845360824742,0,0.16494845360824742
2025-02-05,111,0,111,58,24,0,24,4,0,4,0,0,0,0,0,0,0.25225225225225223,0,0.25225225225225223
2025-02-06,232,0,232,154,16,0,16,14,0,14,2,0,2,1,0,1,0.14224137931034483,0,0.14224137931034483
2025-02-07,65,0,65,44,0,0,0,2,0,2,0,0,0,0,0,0,0.03076923076923077,0,0.03076923076923077
2025-02-08,25,0,25,21,0,0,0,0,0,0,0,0,0,0,0,0,0.0,0,0.0
2025-02-09,70,0,70,43,8,0,8,2,0,2,2,0,2,0,0,0,0.17142857142857143,0,0.17142857142857143
2025-02-10,42,0,42,31,1,0,1,2,0,2,0,0,0,0,0,0,0.07142857142857142,0,0.07142857142857142
2025-02-11,375,0,375,205,12,0,12,18,0,18,3,0,3,1,0,1,0.09066666666666667,0,0.09066666666666667
2025-02-12,81,0,81,55,2,0,2,2,0,2,0,0,0,-1,0,-1,0.037037037037037035,0,0.037037037037037035
2025-02-13,38,0,38,31,6,0,6,1,0,1,0,0,0,0,0,0,0.18421052631578946,0,0.18421052631578946
2025-02-14,51,0,51,34,3,0,3,1,0,1,0,0,0,0,0,0,0.0784313725490196,0,0.0784313725490196
2025-02-15,16,0,16,13,0,0,0,0,0,0,0,0,0,0,0,0,0.0,0,0.0
2025-02-16,18,0,18,13,2,0,2,2,0,2,0,0,0,0,0,0,0.2222222222222222,0,0.2222222222222222
2025-02-17,35,0,35,27,2,0,2,1,0,1,0,0,0,0,0,0,0.08571428571428572,0,0.08571428571428572
2025-02-18,63,0,63,40,8,0,8,2,0,2,0,0,0,0,0,0,0.15873015873015872,0,0.15873015873015872
2025-02-19,52,0,52,29,3,0,3,0,0,0,0,0,0,0,0,0,0.057692307692307696,0,0.057692307692307696
2025-02-20,25,0,25,16,0,0,0,0,0,0,0,0,0,0,0,0,0.0,0,0.0
2025-02-21,78,0,78,25,13,0,13,0,0,0,0,0,0,0,0,0,0.16666666666666666,0,0.16666666666666666
2025-02-22,24,0,24,19,0,0,0,1,0,1,0,0,0,0,0,0,0.041666666666666664,0,0.041666666666666664
2025-02-23,34,0,34,17,1,0,1,0,0,0,0,0,0,0,0,0,0.029411764705882353,0,0.029411764705882353
2025-02-24,28,0,28,20,6,0,6,0,0,0,0,0,0,0,0,0,0.21428571428571427,0,0.21428571428571427
2025-02-25,26,0,26,13,27,0,27,0,0,0,0,0,0,0,0,0,1.0384615384615385,0,1.0384615384615385
2025-02-26,14,0,14,9,0,0,0,0,0,0,0,0,0,0,0,0,0.0,0,0.0
2025-02-27,29,0,29,17,5,0,5,1,0,1,0,0,0,0,0,0,0.20689655172413793,0,0.20689655172413793
2025-02-28,28,0,28,16,0,0,0,0,0,0,0,0,0,0,0,0,0.0,0,0.0
2025-03-01,10,0,10,6,2,0,2,1,0,1,0,0,0,0,0,0,0.3,0,0.3
2025-03-02,6,0,6,6,0,0,0,0,0,0,0,0,0,0,0,0,0.0,0,0.0
2025-03-03,6,0,6,5,0,0,0,0,0,0,0,0,0,0,0,0,0.0,0,0.0
2025-03-04,20,0,20,10,0,0,0,0,0,0,0,0,0,0,0,0,0.0,0,0.0
2025-03-05,226,0,226,145,9,0,9,12,0,12,1,0,1,1,0,1,0.10176991150442478,0,0.10176991150442478
2025-03-06,55,0,55,31,2,0,2,1,0,1,0,0,0,0,0,0,0.05454545454545454,0,0.05454545454545454
2025-03-07,14,0,14,11,1,0,1,0,0,0,0,0,0,0,0,0,0.07142857142857142,0,0.07142857142857142
2025-03-08,144,0,144,80,14,0,14,5,0,5,2,0,2,2,0,2,0.1597222222222222,0,0.1597222222222222
2025-03-09,81,0,81,54,2,0,2,6,0,6,0,0,0,0,0,0,0.09876543209876543,0,0.09876543209876543
2025-03-10,166,0,166,111,4,0,4,10,0,10,0,0,0,1,0,1,0.09036144578313253,0,0.09036144578313253
2025-03-11,56,0,56,41,0,0,0,4,0,4,1,0,1,0,0,0,0.08928571428571429,0,0.08928571428571429
2025-03-12,29,0,29,20,1,0,1,1,0,1,0,0,0,0,0,0,0.06896551724137931,0,0.06896551724137931
2025-03-13,9,0,9,6,0,0,0,0,0,0,0,0,0,0,0,0,0.0,0,0.0
2025-03-14,42,0,42,12,0,0,0,2,0,2,0,0,0,0,0,0,0.047619047619047616,0,0.047619047619047616
2025-03-15,8,0,8,6,0,0,0,0,0,0,0,0,0,0,0,0,0.0,0,0.0
2025-03-16,32,0,32,15,1,0,1,1,0,1,0,0,0,0,0,0,0.0625,0,0.0625
2025-03-17,51,0,51,13,0,0,0,4,0,4,0,0,0,0,0,0,0.0784313725490196,0,0.0784313725490196
2025-03-18,19,0,19,13,0,0,0,0,0,0,0,0,0,0,0,0,0.0,0,0.0
2025-03-19,11,0,11,10,0,0,0,0,0,0,0,0,0,0,0,0,0.0,0,0.0
2025-03-20,106,0,106,54,7,0,7,5,0,5,0,0,0,0,0,0,0.11320754716981132,0,0.11320754716981132
2025-03-21,136,0,136,71,11,0,11,1,0,1,1,0,1,0,0,0,0.09558823529411764,0,0.09558823529411764
2025-03-22,38,0,38,16,2,0,2,0,0,0,0,0,0,0,0,0,0.05263157894736842,0,0.05263157894736842
2025-03-23,13,0,13,12,0,0,0,0,0,0,0,0,0,0,0,0,0.0,0,0.0
2025-03-24,21,0,21,18,0,0,0,0,0,0,0,0,0,0,0,0,0.0,0,0.0
2025-03-25,30,0,30,13,2,0,2,0,0,0,0,0,0,0,0,0,0.06666666666666667,0,0.06666666666666667
2025-03-26,155,0,155,54,20,0,20,4,0,4,2,0,2,0,0,0,0.16774193548387098,0,0.16774193548387098
2025-03-27,71,0,71,55,3,0,3,1,0,1,0,0,0,0,0,0,0.056338028169014086,0,0.056338028169014086
2025-03-28,63,0,63,23,3,0,3,1,0,1,0,0,0,0,0,0,0.06349206349206349,0,0.06349206349206349
2025-03-29,34,0,34,20,4,0,4,2,0,2,0,0,0,1,0,1,0.20588235294117646,0,0.20588235294117646
2025-03-30,16,0,16,13,0,0,0,0,0,0,0,0,0,0,0,0,0.0,0,0.0
2025-03-31,25,0,25,13,1,0,1,0,0,0,0,0,0,0,0,0,0.04,0,0.04
2025-04-01,18,0,18,7,2,0,2,1,0,1,0,0,0,0,0,0,0.16666666666666666,0,0.16666666666666666
2025-04-02,69,0,69,9,10,0,10,0,0,0,0,0,0,0,0,0,0.14492753623188406,0,0.14492753623188406
2025-04-03,15,0,15,4,0,0,0,0,0,0,0,0,0,0,0,0,0.0,0,0.0
2025-04-04,18,0,18,10,0,0,0,0,0,0,0,0,0,1,0,1,0.05555555555555555,0,0.05555555555555555
2025-04-05,20,0,20,13,3,0,3,0,0,0,0,0,0,0,0,0,0.15,0,0.15
2025-04-06,7,0,7,5,0,0,0,1,0,1,0,0,0,0,0,0,0.14285714285714285,0,0.14285714285714285
2025-04-07,24,0,24,12,0,0,0,0,0,0,0,0,0,0,0,0,0.0,0,0.0
2025-04-08,19,0,19,11,0,0,0,0,0,0,0,0,0,0,0,0,0.0,0,0.0
2025-04-09,5,0,5,4,0,0,0,0,0,0,0,0,0,0,0,0,0.0,0,0.0
2025-04-10,9,0,9,7,1,0,1,0,0,0,0,0,0,0,0,0,0.1111111111111111,0,0.1111111111111111
2025-04-11,14,0,14,8,2,0,2,0,0,0,0,0,0,0,0,0,0.14285714285714285,0,0.14285714285714285
2025-04-12,5,0,5,5,0,0,0,0,0,0,0,0,0,0,0,0,0.0,0,0.0
